id,title,description
1,title1,description1
2,title2,description2
3,title3,description3
4,title4,description4
5,title5,description5
6,title6,description6
7,title7,description7
8,title8,description8
9,title9,description9
10,title10,description10
11,title11,description11
12,title12,description12
13,title13,description13
14,title14,description14
15,title15,description15
16,title16,description16
17,title17,description17
18,title18,description18
19,title19,description19
20,title20,description20
21,title21,description21
22,title22,description22
23,title23,description23
24,title24,description24
25,title25,description25
26,title26,description26
27,title27,description27
28,title28,description28
29,title29,description29
30,title30,description30
31,title31,description31
32,title32,description32
33,title33,description33
34,title34,description34
35,title35,description35
36,title36,description36
37,title37,description37
38,title38,description38
39,title39,description39
40,title40,description40
